;berufliche Kompetenzen;Beschreibung;Quelle Curriculum
1;"Kann (fremdsprachige) Informationsquellen recherchieren, auswählen und zur
Unterstützung von berufstypischen Tätigkeiten nutzen";;
2;"Kann berufstypische Arbeitsprozesse sowie -ergebnisse angemessen
dokumentieren (z.B. in Form von Berichten)";;
3;"Kann berufstypische Arbeitsprozesse und -ergebnisse angemessen präsentieren
(z.B. in Rahmen eines Vortrages) und diskutieren- auch in englischer Sprache";;
4;"Kann betriebsspezifische Kommunikations- und Informationssysteme unter
Beachtung von Regeln zum Datenschutz und zur Datensicherheit nutzen";;
5;"Kann komplexere berufliche Aufgabenstellungen durch Methoden der
Projektarbeit bewältigen, sowie diese im Rahmen Projektmanagements planen
bzw. mitgestalten und optimieren";;
6;"Kann umweltorientierte Maßnahmen bei Betriebsabläufen sowie Produktions-
und Unternehmensprozessen im Rahmen eines Managementsystems
analysieren, planen, steuern, kontrollieren und dokumentieren";;
7;"Kann physikalisch- chemische Probleme analysieren, bearbeiten und lösen (z.B.
im Rahmen der Verfahrenstechnik)";;
8;"Kann technisch- chemische Probleme analysieren, bearbeiten und lösen (z.B. im
Rahmen der Verfahrenstechnik)";;
