;Kompetenz
1;Kann betriebsübliche verfahrenstechnische mechanische Grundoperationen durchführen
2;Kann betriebsübliche verfahrenstechnische thermische Grundoperationen durchführen
3;Kann Energieträger auswählen und im eigenen Arbeitsbereich rationell einsetzen
4;Kann betriebsübliche Arbeitsstoffe (z. B. Säuren, Lösungen, Gasen usw.) sicher handhaben sowie relevante Eigenschaften beurteilen
5;Kann übliche Prozess-Betriebs- und Arbeitsabläufe von Produktionsverfahren planen, steuern, überwachen und beurteilen sowie Abweichungen, Probleme oder Störungen bei der Durchführung korrigieren und überwinden
6;Kann betriebsübliche Produktionsabläufe (z.B. Fahrweise von Anlagen oder Teilanlagen) optimieren
