;Kompetenz
1;Kann betriebsübliche Arbeitsmitteln (z.B. Fördersysteme, Werkstoffe, Anlagenteile und Geräte usw.) handhaben, pflegen, instandhalten sowie  funktionell relevante Faktoren (z.B. Korrosion, Verschleiß usw.) beurteilen
2;Kann Installationstechnische Arbeiten (z.B. Rohre und Rohrleitungsteile verbinden und abdichten) planen und durchführen
3;Kann Maßnahmen zur betrieblichen Anlagensicherheit ergreifen
4;Kann betriebstypische Produktionsanlagen bzw. Teilanlagen anfahren, fahren und abfahren
