;Kompetenz
1;Kann bei berufstypischen Tätigkeiten und Umgebungen Maßnahmen zur Erhaltung der Sicherheit im eigenen Arbeitsbereich umsetzen und beurteilen
2;Kann bei berufstypischen Tätigkeiten und Umgebungen Maßnahmen zur Erhaltung der Gesundheit im eigenen Arbeitsbereich umsetzen und beurteilen
3;Kann bei berufstypischen Tätigkeiten und Umgebungen Maßnahmen zur Vermeidung betriebsbedingter Umweltbelastungen im eigenen Arbeitsbereich umsetzen und beurteilen
4;Kann betriebsspezifische Kommunikations- und  Informationssysteme unter Beachtung von Regeln zum Datenschutz und zur Datensicherheit nutzen
5;Kann (fremdsprachige) Informationsquellen recherchieren, auswählen und zur Unterstützung von berufstypischen Tätigkeiten nutzen
6;Kann berufstypische Tätigkeiten sowie Arbeitsergebnisse angemessen dokumentieren
