;berufliche Kompetenzen;Beschreibung;Quelle Curriculum
1;"Kann Proben (u.a. zur Gehalts- und Qualitätskontrolle, Prozessregelung,
Einhaltung des Umweltschutzes) unter Beachtung relevanter Kriterien (wie z.B.
Spezifität und Repräsentativität) nehmen, aufbewahren und analysespezifisch
Vorbereiten";;
2;"Kann betriebsübliche qualitative Analyseverfahren (wie die Fotometrie,
Spektroskopie, Chromatografie, elektroanalytische Methoden) auswählen,
planen, durchführen, auswerten, ggf. optimieren und validieren";;
3;"Kann betriebsübliche quantitative Analyseverfahren ( wie die Gravimetrie,
Volumetrie, Fotometrie, Spektroskopie, Chromatografie, elektroanalytische
Methoden) auswählen, planen, durchführen, auswerten, ggf. optimieren und
Validieren";;
4;"Kann betriebsübliche strukturanalytische Verfahren (wie die Spektroskopie)
auswählen, planen, durchführen, auswerten, ggf. optimieren und validieren";;
5;"Kann betriebsübliche analytische Kopplungstechniken auswählen, planen,
durchführen, auswerten und ggf. optimieren";;
6;Kann thermodynamische Größen messen und bestimmen;;
7;"Kann physikalische Größen (wie Gewicht, Volumen, Temperatur) messen und
Bestimmen";;
8;"Kann Edukte, Zwischen- und Endprodukte von Synthesen (Präparate) durch
betriebsübliche Methoden charakterisieren";;
9;Kann Werkstoffeigenschaften mit den üblichen Verfahren bestimmen;;
