;berufliche Kompetenzen;Beschreibung;Quelle Curriculum
1;"Kann Präparate unterschiedlicher Stoffklassen mittels üblicher Reaktionstypen
(wie z.B. Addition oder Substitution) und üblicher Synthesetechniken herstellen";;
2;"Kann übliche verfahrenstechnische mechanische Grundoperationen (trennen,
vereinigen, reingingen usw.) durchführen";;
3;"Kann übliche verfahrenstechnische thermische Grundoperationen (trennen,
vereinigen, reinigen usw.) durchführen";;
4;"Kann übliche verfahrenstechnische chemische Grundoperationen (trennen,
vereinigen, reinigen usw.) durchführen";;
5;"Kann übliche verfahrenstechnische biologische Grundoperationen (trennen,
vereinigen, reinigen usw.) durchführen";;
6;"Kann Energieträger auswählen und im eigenen Arbeitsbereich rationell
Einsetzen";;
7;"Kann Herstellungsverfahren auf veränderte Maßstäbe (vom Labor-auf
Produktionsmaßstab) durch die Anwendung von „Scale up“ Verfahren
übertragen und optimieren.";;
8;Kann Beschichtungsstoffe herstellen, prüfen und applizieren;;
