;berufliche Kompetenzen;Beschreibung;Quelle Curriculum
1;"Kann grundlegende und komplexe Synthese- und Produktionsverfahren
konzeptionieren und die Qualität der erstellten Konzepte im Hinblick auf den
Realisierungsprozess sowie der Effektivität bewerten";;
2;"Kann grundlegende und komplexe Synthese- und Produktionsverfahren
projektieren, dimensionieren, realisieren, validieren und dabei auf Basis der
Prozessparameter die notwendigen Geräte, Messsysteme, Apparate und
Maschinen auswählen";;
3;"Kann zur Optimierung von Synthese- und Produktionsverfahren den Einsatz von
Stoffen/Geräten/Apparaturen und Maschinen variieren";;
4;"Kann Wege zur Erstellung von chemischen, biologischen und
pharmazeutischen Stoffen analysieren, bewerten, entwickeln und ausführen
(Schwerpunkt: Labortechnik)";;
