;berufliche Kompetenzen;Beschreibung;Quelle Curriculum
1;"Kann qualitätsorientierte Maßnahmen bei Betriebsabläufen, Produktions-
und Unternehmensprozessen unter Anwendung von Managementsystemen
analysieren, planen, steuern, kontrollieren und dokumentieren";;
2;"Kann Produkt- und Prozessleistungsfähigkeit interner und externer
Wettbewerber in Hinblick auf Qualitätsverbesserungsstrategien vergleichen und
Bewerten";;
3;"Kann Controlling und Qualitätsmanagement zur simultanen Berücksichtigung
von Qualitäts-, Zeit,- und Kostenkriterien im Rahmen der Produkt und
Prozessplanung anwenden";;
