;berufliche Kompetenzen;Beschreibung;Quelle Curriculum
1;"Kann ökonomisch orientierte Maßnahmen bei Betriebsabläufen sowie
Produktions- und Unternehmensprozessen unter Anwendung von
Managementsystemen analysieren, planen, steuern, kontrollieren und
Dokumentieren";;
2;"Kann Personal- und Materialkosten ermitteln (mithilfe von Verfahren der
Kostenrechnung) und in diesem Kontext Wirtschaftlichkeitsberechnungen
aufstellen (z.B. um Geräte betriebswirtschaftliche einzusetzen)";;
3;"Kann Material und Geräteeinsatz mit Blick auf betriebs- und
personalwirtschaftlichen Faktoren planen";;
4;"Kann Prozesse unter wirtschaftlichen und arbeitsorganisatorischen Aspekten
analysieren ggf. Elemente des Controllings zur Optimierung einsetzen";;
5;"Kann bei der Analyse, Planung und Umsetzung betrieblicher Geschäftsprozesse
betriebliche Strukturen und rechtliche Rahmenbedingungen berücksichtigen";;
