;berufliche Kompetenzen;Beschreibung;Quelle Curriculum
1;"Kann Maßnahmen zur Gewährleistung der Sicherheit bzw. des Arbeitsschutzes
bei Betriebsabläufen sowie Produktions- und Unternehmensprozessen im
Rahmen eines Managementsystems analysieren, planen, steuern, kontrollieren
und dokumentieren";;
2;"Kann umweltorientierte Maßnahmen bei Betriebsabläufen sowie Produktions-
und Unternehmensprozessen im Rahmen eines Managementsystems
analysieren, planen, steuern, kontrollieren und dokumentieren";;
3;"Kann (fremdsprachige) Informationsquellen recherchieren, auswählen und zur
Unterstützung von berufstypischen Tätigkeiten nutzen";;
4;"Kann Vorschriften für chemische/technische Prozesse recherchieren und
erstellen und validieren";;
5;"Kann berufstypische Arbeitsprozesse und -ergebnisse angemessen präsentieren
und diskutieren- auch in englischer Sprache";;
6;"Kann berufstypische Arbeitsprozesse sowie -ergebnisse angemessen
Dokumentieren";;
