;berufliche Kompetenzen;Beschreibung;Quelle Curriculum
1;Kann bei der Auswahl der Maschinen, Apparate und technischen Hilfseinrichtungen, Energien und Stoffen für Produktionsverfahren unter Beachtung von technischen und wirtschaftlichen Gegebenheiten mitwirken;;
2;Kann Aufbau, Funktionsprinzip und Einsatzmöglichkeiten von Apparaten, Maschinen und technischen Hilfseinrichtungen für Produktionsverfahren sowie deren sachgerechter Verwendung beurteilen;;
3;Kann Maschinen und Anlagenteile unter Berücksichtigung von Wechselwirkung zwischen Roh-, Hilfs-, Betriebs-, und Werkstoffen auswählen;;
4;Kann betriebsübliche Arbeitsstoffe sicher handhaben sowie relevante Eigenschaften und Gefährdungspotenziale bewerten und beurteilen ;;
5;Kann produkttechnische Einrichtungen und Verfahren unter Beachtung verschiedener Reaktionstypen für den Einsatz in chemischer Produktionsverfahren auswählen;;
6;Kann Energie und Stoffströme führen, Stoff- und Energiebilanzen erfassen und berechnen sowie Maßnahmen zur rationellen Nutzung von Energie und Ressourcen einleiten;;
7;Kann chemische Reaktionen führen und zur Prozesskontrolle geeignete Methoden auswählen;;
8;Kann die Auswirkung von chemischen Produktionsprozessen auf die Umweltschutzbereiche Luft, Wasser und Boden beurteilen und geeignete Verfahren zur Sicherstellung der Bereiche auswählen und einsetzen    ;;
