;berufliche Kompetenzen;Beschreibung;Quelle Curriculum
1;Kann Mengenströme und Energiebilanzen von verfahrenstechnischen Prozessen  erstellen.;;
2;Kann chemische Prozess- und Produktionsdaten zur Kommunikation erfassen, analysieren und aufbereiten sowie visualisierte Daten bewerten;;
3;Kann den Einsatz von Messeinrichtungen in der chemischen Produktion bewerten und optimieren ;;
4;Kann Steuerungs- und Regelungssysteme zur Prozessoptimierung in der chemischen Produktion einsetzen ;;
5;Kann Maßnahmen zur Behebung von Störungen bei chemischen Verfahrensprozessen organisieren und veranlassen;;
6;Kann die Einhaltung von Vorschriften des Arbeits- und Umweltschutzes bei Produktionsprozessen mit Steuerungs- und Regelungstechnik sicherstellen;;
7;Kann Steuerungs- und Regelungsprozesse darstellen;;
