;berufliche Kompetenzen;Beschreibung;Quelle Curriculum
1;Kann Kundenanforderungen/Kundenerwartungen in Qualitätsziele und Qualitätsvorgaben umsetzen;;
2;Kann rechtliche (z.B. GLP, GMP) und betriebliche Vorgaben/Leitlinien und Qualitätsnormen im eigenen Verantwortungs- Arbeitsbereich berücksichtigen sowie deren Einhaltung sicherstellen (z.B. durch die Erstellung von Arbeits- und Verfahrensanweisungen);;
3;Kann Audits und Zertifizierungen vorbereiten u.a. durch die Beschreibung (z.B. durch Dokumentationen) von betrieblichen Prozessen;;
4;Kann Instrumente des Qualitätsmanagements (z.B. FMEA, Qualitätszirkel) zur kontinuierlichen Qualitätsverbesserung und Prozessoptimierung nutzen;;
