;berufliche Kompetenzen;Beschreibung;Quelle Curriculum
1;Kann zur  Beeinflussung von Kosten betrieblicher Abläufe allgemeine betriebswirtschaftliche Aspekte (ökonomische Handlungsprinzipien, volkswirtschaftliche Aspekte) bei betriebliche Abläufe berücksichtigen     ;;
2;Kann zur Beeinflussung von Kosten betrieblicher Abläufe allgemeine Grundsätze der betrieblichen Aufbau- und Ablauforganisation berücksichtigen     ;;
3;Kann betriebliche Abläufe mithilfe von Methoden der Organisationsentwicklung nach wirtschaftlichen Gesichtspunkten weiterentwickeln;;
4;Kann betriebliche Abläufe mithilfe von Methoden der Entgeltfindung und der kontinuierlichen betrieblichen Verbesserung nach wirtschaftlichen Aspekten optimieren;;
5;Kann Kostenarten-, Kostenstellen- und Kostenträger-, Prozesskostenrechnung unterscheiden und Zusammenhänge erkennen;;
6;Kann Kalkulationsverfahren anwenden;;
7;Kann Zielgrößen (z.B. Betriebsergebnis, Deckungsbeitrag) ermitteln;;
8;Kann Kosten der Produktionsverfahren kontrollieren und Maßnahmen zur Kostenbeeinflussung planen, durchführen und bewerten;;
